{"cameraMode":{"drawMode":0,"name":"Shaded","section":"Shading Mode"},"sceneLighting":false,"audioPlay":false,"sceneViewState":{"showFog":true,"showMaterialUpdate":false,"showSkybox":false,"showFlares":true,"showImageEffects":true,"showParticleSystems":true},"in2DMode":false,"pivot":{"x":3.740298271179199,"y":8.676023483276368,"z":-0.9380500316619873},"rotation":{"x":0.35232603549957278,"y":-0.526939868927002,"z":-0.2541421055793762,"w":-0.7305020093917847},"size":2.063647508621216,"orthographic":false}