{"cameraMode":{"drawMode":0,"name":"Shaded","section":"Shading Mode"},"sceneLighting":false,"audioPlay":false,"sceneViewState":{"showFog":true,"showMaterialUpdate":false,"showSkybox":false,"showFlares":true,"showImageEffects":true,"showParticleSystems":true},"in2DMode":false,"pivot":{"x":-14.010000228881836,"y":3.447000026702881,"z":-48.22800064086914},"rotation":{"x":0.45323073863983157,"y":0.005880642682313919,"z":0.0029897054191678764,"w":-0.891381561756134},"size":0.6771782636642456,"orthographic":false}