{"cameraMode":{"drawMode":0,"name":"Shaded","section":"Shading Mode"},"sceneLighting":false,"audioPlay":false,"sceneViewState":{"showFog":true,"showMaterialUpdate":false,"showSkybox":false,"showFlares":true,"showImageEffects":true,"showParticleSystems":true},"in2DMode":false,"pivot":{"x":1.3732752799987794,"y":-0.09277158230543137,"z":0.6747732162475586},"rotation":{"x":-0.0017543414141982794,"y":-0.2020179033279419,"z":-0.00035835400922223926,"w":0.9794360995292664},"size":7.730294704437256,"orthographic":false}